"Group","Region","Subregion","Name","SciName","Stock","start.yr","end.yr","btype","MaxCatch","LastCatch","MSY_BSM","lcl","ucl","r_BSM","lcl","ucl","k_BSM","lcl","ucl","q_BSM","lcl","ucl","rel_B_BSM","lcl","ucl","rel_F_BSM","r_CMSY","lcl","ucl","k_CMSY","lcl","ucl","MSY_CMSY","lcl","ucl","rel_B_CMSY","2.5th","97.5th","rel_F_CMSY","F_msy","lcl","ucl","curF_msy","lcl","ucl","MSY","lcl","ucl","Bmsy","lcl","ucl","B","lcl","ucl","B_Bmsy","lcl","ucl","F","lcl","ucl","F_Fmsy","lcl","ucl","sel_B","sel_B_Bmsy","sel_F","sel_F_Fmsy"
"King crabs, squat-lobsters","US Alaska","Bristol Bay","Red king crab","Paralithodes camtschaticus","AFSC-RKCRABBB-1960-2008-JENSEN",1960,2007,"None",59.91179,10.53467,NA,NA,NA,NA,NA,NA,NA,NA,NA,NA,NA,NA,NA,NA,NA,NA,0.822834658056018,0.773948457489971,0.874808739452702,143.024083302344,128.963306752286,158.617896203357,29.4212931694649,25.1645901292838,34.398036579038,0.077143769626128,0.0651453894787893,0.0907571217855341,2.32074982165224,0.411417329028009,0.386974228744985,0.437404369726351,0.126953134602935,0.119410603014207,0.134972087726525,29.4212931694649,25.1645901292838,34.398036579038,71.5120416511719,64.4816533761429,79.3089481016787,11.0334169332642,9.317359611578,12.9804541465352,0.154287539252256,0.130290778957579,0.181514243571068,0.954796692966391,0.811579462557708,1.13064971613947,7.52085953570713,6.39274851382006,8.90604016730857,NA,NA,NA,NA
