"method","kappa","accuracy"
"rORCS",0.64424514200299,0.794117647058823
"cMSY",0.107398568019093,0.352941176470588
"SSP-2002",0.0949074074074075,0.323529411764706
"Zhou-OCOM",0.0489510489510489,0.411764705882353
"Zhou-BRT",-0.0347826086956522,0.382352941176471
"SSP-2013",-0.043859649122807,0.176470588235294
